Workbook

Sheet Bid List
A1: # | B1: Color | C1: Source | D1: Original Rank | E1: Parcel ID | F1: Address | G1: Opening Bid | H1: Max Bid | I1: Bid Spread | J1: Drive-By Status | K1: Lien/Title Risk | L1: Entitlement/Zoning Risk | M1: Final Decision | N1: Notes
A2: 1 | B2: Green | C2: $900–$1,000 | D2: 7 | E2: 44675-92-08-04460 | F2: 5134 W CHARLES PAGE | G2: 907.78 | I2: =IF(H2="","",H2-G2) | J2: Not Checked | K2: Not Checked | L2: Not Checked | M2: Research
A3: 2 | B3: Green | C3: $900–$1,000 | D3: 1 | E3: 01875-03-19-00200 | F3: 2612 N TRENTON AV E | G3: 962.57 | I3: =IF(H3="","",H3-G3) | J3: Not Checked | K3: Not Checked | L3: Not Checked | M3: Research
A4: 3 | B4: Blue | C4: $1,000–$1,500 | D4: 50 | E4: 96203-62-03-50220 | F4: 18911 S 29 AV W | G4: 1064.76 | I4: =IF(H4="","",H4-G4) | J4: Not Checked | K4: Not Checked | L4: Not Checked | M4: Research
A5: 4 | B5: Green | C5: $1,000–$1,500 | D5: 36 | E5: 43300-03-29-09940 | F5: 2311 N ATLANTA AV E | G5: 1179.88 | I5: =IF(H5="","",H5-G5) | J5: Not Checked | K5: Not Checked | L5: Not Checked | M5: Research
A6: 5 | B6: Green | C6: $1,000–$1,500 | D6: 13 | E6: 40875-02-13-11530 | F6: 210 E 44 ST N | G6: 1184.93 | I6: =IF(H6="","",H6-G6) | J6: Not Checked | K6: Not Checked | L6: Not Checked | M6: Research
A7: 6 | B7: Green | C7: $1,000–$1,500 | D7: 5 | E7: 24925-02-36-17420 | F7: 1084 N NORFOLK AV E | G7: 1199.79 | I7: =IF(H7="","",H7-G7) | J7: Not Checked | K7: Not Checked | L7: Not Checked | M7: Research
A8: 7 | B8: Green | C8: $1,000–$1,500 | D8: 16 | E8: 26725-02-25-16640 | F8: 515 E UTE ST N | G8: 1216.55 | I8: =IF(H8="","",H8-G8) | J8: Not Checked | K8: Not Checked | L8: Not Checked | M8: Research
A9: 8 | B9: Green | C9: $1,000–$1,500 | D9: 32 | E9: 41025-02-01-04710 | F9: 5901 N GARRISON PL E | G9: 1273.2 | I9: =IF(H9="","",H9-G9) | J9: Not Checked | K9: Not Checked | L9: Not Checked | M9: Research
A10: 9 | B10: Green | C10: $1,000–$1,500 | D10: 33 | E10: 41025-02-01-05430 | F10: 522 E 59 ST N | G10: 1273.2 | I10: =IF(H10="","",H10-G10) | J10: Not Checked | K10: Not Checked | L10: Not Checked | M10: Research
A11: 10 | B11: Green | C11: $1,000–$1,500 | D11: 38 | E11: 05850-03-30-04070 | F11: 1844 N TRENTON AV E | G11: 1297.53 | I11: =IF(H11="","",H11-G11) | J11: Not Checked | K11: Not Checked | L11: Not Checked | M11: Research
A12: 11 | B12: Purple | C12: $1,000–$1,500 | D12: 28 | E12: 90212-02-12-26700 | F12: 1118 E 50 PL N | G12: 1317.38 | I12: =IF(H12="","",H12-G12) | J12: Not Checked | K12: Not Checked | L12: Not Checked | M12: Research
A13: 12 | B13: Green | C13: $1,000–$1,500 | D13: 21 | E13: 05400-02-25-04330 | F13: 524 E YOUNG ST N | G13: 1418.58 | I13: =IF(H13="","",H13-G13) | J13: Not Checked | K13: Not Checked | L13: Not Checked | M13: Research
... A43: 42 | B43: Green | C43: Manual Review | D43: 1 | E43: 00575-93-06-01170 | F43: 511 S VICTOR AV E | G43: 3910.27 | I43: =IF(H43="","",H43-G43) | J43: Not Checked | K43: Not Checked | L43: Not Checked | M43: Research

Sheet Summary
A1: Metric | B1: Value
A2: total properties | B2: 42
A3: total opening bid amount | B3: =SUM('Bid List'!G2:G43)
A4: count by Color - Green | B4: =COUNTIF('Bid List'!B2:B43,"Green")
A5: count by Color - Purple | B5: =COUNTIF('Bid List'!B2:B43,"Purple")
A6: count by Color - Blue | B6: =COUNTIF('Bid List'!B2:B43,"Blue")
A7: count by Source - Manual Review | B7: =COUNTIF('Bid List'!C2:C43,"Manual Review")
A8: count by Source - $1,500–$2,000 | B8: =COUNTIF('Bid List'!C2:C43,"$1,500–$2,000")
A9: count by Source - $1,000–$1,500 | B9: =COUNTIF('Bid List'!C2:C43,"$1,000–$1,500")
A10: count by Source - $900–$1,000 | B10: =COUNTIF('Bid List'!C2:C43,"$900–$1,000")
A11: cheapest property | B11: 44675-92-08-04460 | 5134 W CHARLES PAGE | $907.78
A12: most expensive property | B12: 00575-93-06-01170 | 511 S VICTOR AV E | $3910.27
A13: blank Max Bid count | B13: =COUNTBLANK('Bid List'!H2:H43)
A14: total Max Bid amount | B14: =SUM('Bid List'!H2:H43)
A15: total Bid Spread | B15: =SUM('Bid List'!I2:I43)
